{
	"parent": "item/guns/m4a1/m4a1_operatorreflex",
	"display": {
		"thirdperson_righthand": {
			"translation": [
				0,
				12.25,
				1.25
			],
			"scale": [
				2,
				2,
				2
			]
		},
		"thirdperson_lefthand": {
			"translation": [
				0,
				12.25,
				1.25
			],
			"scale": [
				2,
				2,
				2
			]
		},
		"firstperson_righthand": {
			"rotation": [
				-15,
				45,
				27
			],
			"translation": [
				-13,
				21,
				8
			],
			"scale": [
				3,
				3,
				3
			]
		},
		"firstperson_lefthand": {
			"rotation": [
				-15,
				45,
				27
			],
			"translation": [
				-13,
				21,
				8
			],
			"scale": [
				3,
				3,
				3
			]
		},
		"ground": {
			"rotation": [
				6,
				0,
				0
			],
			"translation": [
				0,
				9.5,
				0
			],
			"scale": [
				2,
				2,
				2
			]
		},
		"gui": {
			"rotation": [
				90,
				45,
				-90
			],
			"translation": [
				7,
				4.5,
				0
			],
			"scale": [
				1.5,
				1.5,
				1.5
			]
		},
		"head": {
			"scale": [
				0,
				0,
				0
			]
		},
		"fixed": {
			"rotation": [
				90,
				-45,
				90
			],
			"translation": [
				-13,
				10,
				0
			],
			"scale": [
				3,
				3,
				3
			]
		},
		"on_shelf": {
			"rotation": [
				90,
				0,
				-90
			],
			"translation": [
				13,
				0,
				0
			],
			"scale": [
				2,
				2,
				2
			]
		}
	}
}