{
	"model": {
		"type": "range_dispatch",
		"property": "custom_model_data",
		"fallback": {
			"type": "model",
			"model": "minecraft:item/red_dye"
		},
		"entries": [
			{
				"threshold": 1,
				"model": {
					"type": "model",
					"model": "item/guns/m4a1/m4a1"
				}
			},
			{
				"threshold": 1001,
				"model": {
					"type": "condition",
					"property": "view_entity",
					"on_true": {
						"type": "model",
						"model": "item/guns/m4a1/m4a1_scope"
					},
					"on_false": {
						"type": "model",
						"model": "item/guns/m4a1/m4a1"
					}
				}
			},
			{
				"threshold": 2001,
				"model": {
					"type": "model",
					"model": "item/guns/m4a1/m4a1_sprint"
				}
			},
			{
				"threshold": 10001,
				"model": {
					"type": "model",
					"model": "item/guns/m4a1/m4a1_operatorreflex"
				}
			},
			{
				"threshold": 11001,
				"model": {
					"type": "condition",
					"property": "view_entity",
					"on_true": {
						"type": "model",
						"model": "item/guns/m4a1/m4a1_operatorreflex_scope"
					},
					"on_false": {
						"type": "model",
						"model": "item/guns/m4a1/m4a1_operatorreflex"
					}
				}
			},
			{
				"threshold": 12001,
				"model": {
					"type": "model",
					"model": "item/guns/m4a1/m4a1_operatorreflex_sprint"
				}
			},
			{
				"threshold": 100001,
				"model": {
					"type": "model",
					"model": "item/guns/m4a1/m4a1_stubbygrip"
				}
			},
			{
				"threshold": 101001,
				"model": {
					"type": "condition",
					"property": "view_entity",
					"on_true": {
						"type": "model",
						"model": "item/guns/m4a1/m4a1_stubbygrip_scope"
					},
					"on_false": {
						"type": "model",
						"model": "item/guns/m4a1/m4a1_stubbygrip"
					}
				}
			},
			{
				"threshold": 102001,
				"model": {
					"type": "model",
					"model": "item/guns/m4a1/m4a1_stubbygrip_sprint"
				}
			},
			{
				"threshold": 110001,
				"model": {
					"type": "model",
					"model": "item/guns/m4a1/m4a1_stubbygrip_operatorreflex"
				}
			},
			{
				"threshold": 111001,
				"model": {
					"type": "condition",
					"property": "view_entity",
					"on_true": {
						"type": "model",
						"model": "item/guns/m4a1/m4a1_stubbygrip_operatorreflex_scope"
					},
					"on_false": {
						"type": "model",
						"model": "item/guns/m4a1/m4a1_stubbygrip_operatorreflex"
					}
				}
			},
			{
				"threshold": 112001,
				"model": {
					"type": "model",
					"model": "item/guns/m4a1/m4a1_stubbygrip_operatorreflex_sprint"
				}
			},
			{
				"threshold": 200001,
				"model": {
					"type": "model",
					"model": "item/guns/m4a1/m4a1_undergl"
				}
			},
			{
				"threshold": 201001,
				"model": {
					"type": "condition",
					"property": "view_entity",
					"on_true": {
						"type": "model",
						"model": "item/guns/m4a1/m4a1_undergl_scope"
					},
					"on_false": {
						"type": "model",
						"model": "item/guns/m4a1/m4a1_undergl"
					}
				}
			},
			{
				"threshold": 202001,
				"model": {
					"type": "model",
					"model": "item/guns/m4a1/m4a1_undergl_sprint"
				}
			},
			{
				"threshold": 210001,
				"model": {
					"type": "model",
					"model": "item/guns/m4a1/m4a1_undergl_operatorreflex"
				}
			},
			{
				"threshold": 211001,
				"model": {
					"type": "condition",
					"property": "view_entity",
					"on_true": {
						"type": "model",
						"model": "item/guns/m4a1/m4a1_undergl_operatorreflex_scope"
					},
					"on_false": {
						"type": "model",
						"model": "item/guns/m4a1/m4a1_undergl_operatorreflex"
					}
				}
			},
			{
				"threshold": 212001,
				"model": {
					"type": "model",
					"model": "item/guns/m4a1/m4a1_undergl_operatorreflex_sprint"
				}
			}
		]
	}
}